{"cameraMode":{"drawMode":0,"name":"Shaded","section":"Shading Mode"},"sceneLighting":true,"audioPlay":false,"sceneViewState":{"m_AlwaysRefresh":false,"showFog":true,"showSkybox":true,"showFlares":true,"showImageEffects":true,"showParticleSystems":true,"showVisualEffectGraphs":true,"m_FxEnabled":true},"in2DMode":false,"pivot":{"x":11.182557106018067,"y":7.138729095458984,"z":15.302352905273438},"rotation":{"x":0.5266941785812378,"y":-0.026256220415234567,"z":0.016279403120279313,"w":0.8494972586631775},"size":13.387998580932618,"orthographic":false}