{"cameraMode":{"drawMode":0,"name":"Shaded","section":"Shading Mode"},"sceneLighting":true,"audioPlay":false,"sceneViewState":{"m_AlwaysRefresh":false,"showFog":true,"showSkybox":true,"showFlares":true,"showImageEffects":true,"showParticleSystems":true,"showVisualEffectGraphs":true,"m_FxEnabled":true},"in2DMode":false,"pivot":{"x":17.959049224853517,"y":3.37453031539917,"z":18.725074768066408},"rotation":{"x":0.5301842093467712,"y":-0.07053331285715103,"z":0.04431932792067528,"w":0.8437809944152832},"size":21.654069900512697,"orthographic":false}